name,email,gender
Brittan,gbrittan0@instagram.com,Male
Reef,mreef1@dailymotion.com,Female
Keely,skeely2@nbcnews.com,Male
Knoble,sknoble3@dropbox.com,Male
Kiddell,akiddell4@samsung.com,Female
Eakens,reakens5@github.com,Female
Priestley,dpriestley6@cdc.gov,Female
Sueter,asueter7@bloglovin.com,Male
Andreia,kandreia8@youtu.be,Male
de Broke,ndebroke9@behance.net,Female
Burness,cburnessa@acquirethisname.com,Female
Dadson,ndadsonb@state.tx.us,Female
Loram,hloramc@sitemeter.com,Male
Darville,bdarvilled@archive.org,Male
Adlam,padlame@dmoz.org,Male
Dinwoodie,rdinwoodief@nbcnews.com,Male
Simons,gsimonsg@discuz.net,Female
Paulino,apaulinoh@cnbc.com,Female
Guion,mguioni@prweb.com,Male
Billyard,rbillyardj@free.fr,Male
Cardoo,lcardook@blogger.com,Male
Hedaux,jhedauxl@cargocollective.com,Male
Hatterslay,phatterslaym@nhs.uk,Female
Dorran,jdorrann@livejournal.com,Female
Longbothom,mlongbothomo@yellowbook.com,Male
Klus,aklusp@fastcompany.com,Female
Howorth,ghoworthq@home.pl,Male
Folli,dfollir@google.co.uk,Female
Sneath,ssneaths@symantec.com,Female
Shillaker,bshillakert@godaddy.com,Male
Grunwall,bgrunwallu@privacy.gov.au,Male
MacAlpin,jmacalpinv@slashdot.org,Male
Pound,apoundw@noaa.gov,Male
Haselden,lhaseldenx@bigcartel.com,Female
Schirach,lschirachy@typepad.com,Female
Bowery,wboweryz@alibaba.com,Male
Crowthe,vcrowthe10@skype.com,Male
Greenside,mgreenside11@latimes.com,Female
Handke,ahandke12@intel.com,Male
Basillon,ebasillon13@etsy.com,Male
Spores,cspores14@stumbleupon.com,Male
Brehault,hbrehault15@amazon.com,Male
Rosengart,frosengart16@delicious.com,Male
Scroggs,dscroggs17@jugem.jp,Female
Bedder,fbedder18@abc.net.au,Female
Siburn,csiburn19@canalblog.com,Male
Glenister,dglenister1a@biglobe.ne.jp,Male
Cannavan,scannavan1b@amazon.com,Male
Breedy,obreedy1c@squidoo.com,Male
Stuchburie,astuchburie1d@umich.edu,Female
Jansson,sjansson1e@imdb.com,Male
Boatwright,kboatwright1f@harvard.edu,Female
Foy,cfoy1g@omniture.com,Male
Gillopp,ngillopp1h@uol.com.br,Male
Biaggetti,hbiaggetti1i@nhs.uk,Male
Tremayle,dtremayle1j@mapquest.com,Male
Writtle,cwrittle1k@twitter.com,Male
Brigden,mbrigden1l@harvard.edu,Female
Gary,rgary1m@fastcompany.com,Male
Deener,kdeener1n@google.com,Male
South,psouth1o@ow.ly,Male
Veldman,bveldman1p@canalblog.com,Female
Blaszczynski,dblaszczynski1q@alibaba.com,Male
Mackney,dmackney1r@accuweather.com,Female
Emmanuele,eemmanuele1s@chron.com,Female
Scotson,sscotson1t@de.vu,Male
Annon,nannon1u@blogger.com,Female
Coole,ccoole1v@miitbeian.gov.cn,Female
Renshell,trenshell1w@skype.com,Female
Elsey,jelsey1x@about.com,Male
Castiglio,scastiglio1y@quantcast.com,Female
Mamwell,jmamwell1z@addtoany.com,Female
Follan,afollan20@booking.com,Female
Angel,rangel21@huffingtonpost.com,Male
Pautot,mpautot22@ifeng.com,Male
Kopelman,ekopelman23@mail.ru,Male
Dix,edix24@blogger.com,Female
Ornils,kornils25@cnbc.com,Male
Zorzenoni,mzorzenoni26@ucoz.ru,Male
Giberd,lgiberd27@linkedin.com,Female
Treslove,etreslove28@linkedin.com,Male
Launder,slaunder29@webmd.com,Female
Shoemark,dshoemark2a@stumbleupon.com,Male
McCarl,cmccarl2b@yolasite.com,Male
Reddings,dreddings2c@google.it,Male
Zecchinelli,dzecchinelli2d@sbwire.com,Male
Liddard,gliddard2e@barnesandnoble.com,Male
Undrill,bundrill2f@bloglovin.com,Male
Cutmare,ncutmare2g@gravatar.com,Male
Dalliwatr,adalliwatr2h@symantec.com,Male
Docharty,ldocharty2i@a8.net,Female
Martland,lmartland2j@unc.edu,Male
McInnerny,cmcinnerny2k@tumblr.com,Female
Slayford,fslayford2l@senate.gov,Female
Blondelle,cblondelle2m@netlog.com,Male
Roskell,broskell2n@jigsy.com,Male
Fuzzard,efuzzard2o@dropbox.com,Female
Calcraft,bcalcraft2p@archive.org,Female
Rengger,rrengger2q@plala.or.jp,Male
McClounan,rmcclounan2r@who.int,Female
Wyon,twyon2s@tmall.com,Female
Truse,ttruse2t@constantcontact.com,Male
Oglevie,soglevie2u@ucoz.ru,Female
Huntington,rhuntington2v@fema.gov,Male
Dumini,sdumini2w@alexa.com,Male
Pittel,cpittel2x@instagram.com,Female
Enderle,benderle2y@bizjournals.com,Female
Geggie,jgeggie2z@mail.ru,Female
Ghirardi,vghirardi30@g.co,Female
Serris,bserris31@reference.com,Male
Pownall,bpownall32@google.com.br,Female
Hakonsen,mhakonsen33@alibaba.com,Male
Trever,etrever34@odnoklassniki.ru,Male
Brunning,abrunning35@japanpost.jp,Male
Hawkswood,xhawkswood36@un.org,Male
Mauditt,lmauditt37@photobucket.com,Male
Yetts,dyetts38@intel.com,Male
Hentzeler,mhentzeler39@spotify.com,Female
Ivashnikov,pivashnikov3a@upenn.edu,Female
Huchot,rhuchot3b@opensource.org,Female
Vermer,fvermer3c@360.cn,Male
Spears,cspears3d@hugedomains.com,Female
Mawdsley,cmawdsley3e@independent.co.uk,Male
Grichukhanov,dgrichukhanov3f@acquirethisname.com,Female
Blazewicz,cblazewicz3g@clickbank.net,Female
Brown,abrown3h@vinaora.com,Male
Cogman,acogman3i@oaic.gov.au,Male
McLeese,cmcleese3j@hibu.com,Female
Astall,bastall3k@msn.com,Male
Stealey,istealey3l@eventbrite.com,Male
Sloat,msloat3m@nytimes.com,Male
Espasa,bespasa3n@com.com,Female
Schimank,nschimank3o@cpanel.net,Male
Oby,loby3p@storify.com,Female
Perrett,cperrett3q@wix.com,Female
Hercules,khercules3r@cafepress.com,Male
Reneke,breneke3s@globo.com,Female
Emnoney,remnoney3t@opensource.org,Female
Rhymer,irhymer3u@amazon.de,Male
Hutley,chutley3v@amazon.co.jp,Female
Smeaton,ksmeaton3w@chronoengine.com,Female
Guise,sguise3x@gmpg.org,Male
Learmouth,ulearmouth3y@joomla.org,Female
Goodchild,bgoodchild3z@de.vu,Male
Castagnaro,tcastagnaro40@harvard.edu,Female
Belz,kbelz41@latimes.com,Female
Paylor,npaylor42@nhs.uk,Female
Robe,frobe43@latimes.com,Male
Chessor,tchessor44@ucsd.edu,Female
Cowie,mcowie45@patch.com,Male
Balnaves,tbalnaves46@purevolume.com,Male
Gowenlock,bgowenlock47@weibo.com,Male
Oldfield-Cherry,eoldfieldcherry48@psu.edu,Male
Origin,jorigin49@berkeley.edu,Male
Considine,fconsidine4a@1und1.de,Female
Shew,fshew4b@weibo.com,Male
Bromhead,bbromhead4c@google.com.hk,Female
Findon,hfindon4d@about.com,Female
Ribou,dribou4e@sciencedaily.com,Male
Gronno,agronno4f@businessinsider.com,Female
Dominick,cdominick4g@vimeo.com,Female
Hartnell,nhartnell4h@php.net,Female
Wildin,mwildin4i@goo.ne.jp,Female
McKinnon,cmckinnon4j@buzzfeed.com,Male
Whitelock,ewhitelock4k@twitter.com,Female
Norkett,cnorkett4l@feedburner.com,Male
Moxon,gmoxon4m@prlog.org,Female
Tyrone,dtyrone4n@about.com,Male
Donaghy,ddonaghy4o@youtu.be,Female
Ransbury,kransbury4p@admin.ch,Male
Legendre,mlegendre4q@theguardian.com,Female
Schultze,tschultze4r@purevolume.com,Male
Goldes,lgoldes4s@mozilla.org,Female
Abden,gabden4t@wikia.com,Female
Upham,aupham4u@theguardian.com,Female
Blaes,eblaes4v@ft.com,Female
Lockey,slockey4w@engadget.com,Male
Smee,lsmee4x@goo.ne.jp,Female
Bradmore,cbradmore4y@cdc.gov,Female
Anstiss,nanstiss4z@icq.com,Female
Gradly,sgradly50@usatoday.com,Male
Antrobus,bantrobus51@who.int,Female
Kettridge,akettridge52@sphinn.com,Male
Burder,jburder53@yahoo.com,Female
Cockayme,scockayme54@ihg.com,Male
Towersey,dtowersey55@ftc.gov,Female
Meigh,mmeigh56@seattletimes.com,Female
Titt,etitt57@wufoo.com,Female
Shergill,lshergill58@dion.ne.jp,Male
Dunthorn,jdunthorn59@imageshack.us,Female
McLaughlan,pmclaughlan5a@github.com,Male
Fuente,hfuente5b@blogs.com,Male
Longina,wlongina5c@vk.com,Female
Aldrick,aaldrick5d@homestead.com,Female
Franceschi,afranceschi5e@newsvine.com,Female
Lawrey,blawrey5f@icio.us,Female
Hellicar,khellicar5g@macromedia.com,Male
Bedborough,mbedborough5h@com.com,Female
Veillard,kveillard5i@opera.com,Male
Crowley,gcrowley5j@smugmug.com,Female
Rosedale,grosedale5k@angelfire.com,Female
McPhelimy,amcphelimy5l@jugem.jp,Male
Ennion,vennion5m@diigo.com,Female
Janczewski,ejanczewski5n@imdb.com,Female
Baldin,bbaldin5o@narod.ru,Female
Crawley,gcrawley5p@hhs.gov,Male
Lockley,klockley5q@purevolume.com,Male
Hugenin,khugenin5r@twitter.com,Female
Meldon,mmeldon5s@amazon.de,Female
Ingerson,lingerson5t@friendfeed.com,Male
Extance,nextance5u@mozilla.org,Female
Ballston,kballston5v@sakura.ne.jp,Female
Ruos,oruos5w@geocities.jp,Male
Peppard,epeppard5x@independent.co.uk,Female
Longfield,xlongfield5y@alibaba.com,Female
Colebourn,lcolebourn5z@qq.com,Male
Earry,mearry60@si.edu,Female
Collabine,tcollabine61@alibaba.com,Male
Zelake,vzelake62@nasa.gov,Female
Thaxton,sthaxton63@wikipedia.org,Female
Merali,tmerali64@joomla.org,Male
Hubeaux,mhubeaux65@addthis.com,Female
Tillerton,jtillerton66@thetimes.co.uk,Male
Larn,alarn67@webnode.com,Male
Sillitoe,gsillitoe68@etsy.com,Female
Curedale,gcuredale69@amazon.co.uk,Male
Haszard,chaszard6a@imgur.com,Female
Gossan,hgossan6b@examiner.com,Female
O'Sesnane,mosesnane6c@who.int,Male
Brigdale,pbrigdale6d@multiply.com,Female
Attard,jattard6e@mit.edu,Male
Rivers,lrivers6f@bluehost.com,Female
Palffy,mpalffy6g@soundcloud.com,Female
Shugg,ashugg6h@merriam-webster.com,Female
Bittlestone,sbittlestone6i@clickbank.net,Female
Fadell,lfadell6j@icio.us,Male
Seedhouse,aseedhouse6k@ucla.edu,Female
Reinhart,mreinhart6l@amazon.co.uk,Male
Heskey,rheskey6m@miibeian.gov.cn,Female
Kemmet,nkemmet6n@bigcartel.com,Male
Arndell,aarndell6o@nyu.edu,Male
Vassay,dvassay6p@moonfruit.com,Female
Marchi,dmarchi6q@blog.com,Female
Sapwell,ysapwell6r@reddit.com,Female
Kettlestring,mkettlestring6s@free.fr,Male
Olle,polle6t@theguardian.com,Female
Tremontana,ltremontana6u@mail.ru,Female
Grimestone,fgrimestone6v@google.ca,Male
Eaglen,reaglen6w@people.com.cn,Male
Eliff,reliff6x@newsvine.com,Female
Boom,sboom6y@meetup.com,Male
Syme,jsyme6z@miibeian.gov.cn,Female
Lamb,elamb70@vkontakte.ru,Male
Dunstone,edunstone71@forbes.com,Female
Kem,gkem72@noaa.gov,Male
Nunson,anunson73@seesaa.net,Female
Guppey,sguppey74@weibo.com,Male
Foggo,efoggo75@newyorker.com,Female
Duran,aduran76@aboutads.info,Male
Brownsworth,mbrownsworth77@msu.edu,Female
Law,jlaw78@dailymotion.com,Female
Renvoys,lrenvoys79@list-manage.com,Female
Krol,jkrol7a@adobe.com,Female
Drennan,pdrennan7b@oracle.com,Female
Bridger,rbridger7c@opensource.org,Female
Beck,bbeck7d@123-reg.co.uk,Female
Pantin,mpantin7e@chron.com,Female
Poxson,cpoxson7f@upenn.edu,Male
Sammut,lsammut7g@kickstarter.com,Male
Hackley,shackley7h@vkontakte.ru,Male
McFadden,gmcfadden7i@unesco.org,Female
Whanstall,dwhanstall7j@ycombinator.com,Male
Asher,easher7k@globo.com,Male
Clear,jclear7l@wunderground.com,Female
Buckoke,abuckoke7m@spotify.com,Male
Poynter,epoynter7n@google.co.uk,Female
Quinet,wquinet7o@gmpg.org,Male
Crofthwaite,rcrofthwaite7p@dropbox.com,Female
Mates,jmates7q@studiopress.com,Male
Thewless,fthewless7r@netscape.com,Female
Gobell,lgobell7s@posterous.com,Male
Di Giacomettino,mdigiacomettino7t@noaa.gov,Male
Linnell,llinnell7u@mediafire.com,Male
Dacks,odacks7v@cpanel.net,Female
Gallihaulk,dgallihaulk7w@si.edu,Female
Westnedge,dwestnedge7x@wikimedia.org,Male
Massingberd,amassingberd7y@paypal.com,Female
Davenhall,bdavenhall7z@bloglines.com,Female
Flannery,cflannery80@123-reg.co.uk,Male
Mowsdill,jmowsdill81@tamu.edu,Male
Childerhouse,jchilderhouse82@chicagotribune.com,Female
Frankcomb,gfrankcomb83@oracle.com,Female
Albany,ealbany84@guardian.co.uk,Male
Rubenczyk,mrubenczyk85@symantec.com,Female
Lavalle,mlavalle86@bizjournals.com,Male
Daveren,fdaveren87@pcworld.com,Male
Monkton,bmonkton88@i2i.jp,Male
Milmoe,tmilmoe89@tuttocitta.it,Male
Newlands,vnewlands8a@google.com,Male
Tethacot,rtethacot8b@harvard.edu,Male
Vallens,hvallens8c@icq.com,Female
Padillo,mpadillo8d@archive.org,Male
Busch,sbusch8e@flavors.me,Male
Silwood,jsilwood8f@ezinearticles.com,Male
Toquet,jtoquet8g@businesswire.com,Female
Touzey,htouzey8h@cnn.com,Male
Paul,wpaul8i@ucoz.com,Male
McGaffey,bmcgaffey8j@addtoany.com,Female
Oller,coller8k@scribd.com,Female
Willeman,wwilleman8l@networkadvertising.org,Female
Surgood,msurgood8m@wordpress.org,Female
Collick,mcollick8n@ucoz.ru,Female
Jewis,jjewis8o@desdev.cn,Male
Smitheman,rsmitheman8p@desdev.cn,Male
Kleinert,nkleinert8q@scientificamerican.com,Female
Feak,rfeak8r@amazon.co.jp,Female
Rolinson,erolinson8s@hhs.gov,Male
Quiddihy,jquiddihy8t@craigslist.org,Female
Silvester,lsilvester8u@nationalgeographic.com,Female
Tarrier,ttarrier8v@youtube.com,Female
Eastman,jeastman8w@stumbleupon.com,Female
Blethyn,hblethyn8x@ezinearticles.com,Female
Rosenthaler,jrosenthaler8y@mlb.com,Male
Plunket,gplunket8z@nps.gov,Male
Salzen,tsalzen90@usa.gov,Male
Fronks,hfronks91@google.de,Male
Ormesher,mormesher92@foxnews.com,Female
Thatcher,tthatcher93@indiegogo.com,Female
Moffatt,rmoffatt94@dion.ne.jp,Male
Branchet,bbranchet95@360.cn,Female
Arangy,marangy96@dropbox.com,Female
McKeating,smckeating97@barnesandnoble.com,Male
Bygrave,mbygrave98@exblog.jp,Female
Stone,lstone99@fema.gov,Female
Hulme,dhulme9a@about.com,Male
Bairnsfather,bbairnsfather9b@prweb.com,Female
McClean,dmcclean9c@oakley.com,Male
Androli,kandroli9d@blogtalkradio.com,Female
Pagen,apagen9e@ask.com,Male
Grelak,lgrelak9f@aboutads.info,Male
Rodrig,arodrig9g@typepad.com,Male
Pagan,ipagan9h@bing.com,Male
Jellings,ojellings9i@cocolog-nifty.com,Male
Skace,hskace9j@msu.edu,Female
Whatling,awhatling9k@apple.com,Male
Loram,rloram9l@kickstarter.com,Male
Linskey,mlinskey9m@smh.com.au,Female
Mapledoore,vmapledoore9n@mayoclinic.com,Male
Lynas,mlynas9o@bing.com,Female
Bearward,kbearward9p@dyndns.org,Female
Hedgeman,ahedgeman9q@army.mil,Female
Ramsted,aramsted9r@booking.com,Male
Roseburgh,wroseburgh9s@blogtalkradio.com,Male
Jordin,bjordin9t@example.com,Male
Easterby,leasterby9u@ed.gov,Male
Feavyour,hfeavyour9v@yahoo.com,Male
Van der Spohr,wvanderspohr9w@opera.com,Male
Mobley,smobley9x@washingtonpost.com,Male
Gilleson,zgilleson9y@imdb.com,Male
Connachan,iconnachan9z@weather.com,Male
Foskett,gfosketta0@utexas.edu,Female
Barby,mbarbya1@bloglines.com,Male
Thomassen,athomassena2@amazon.co.uk,Female
Setch,csetcha3@apple.com,Male
Chape,cchapea4@w3.org,Male
Kither,gkithera5@eepurl.com,Male
Tremmil,rtremmila6@meetup.com,Female
Akers,makersa7@statcounter.com,Female
Stone,vstonea8@nba.com,Female
Follen,jfollena9@biglobe.ne.jp,Male
Sowersby,tsowersbyaa@netlog.com,Male
Kinney,ckinneyab@about.com,Female
Dederich,ddederichac@techcrunch.com,Female
Fero,cferoad@zimbio.com,Male
Capun,mcapunae@cornell.edu,Male
Dewis,ndewisaf@last.fm,Female
Sailor,asailorag@tinypic.com,Female
Lavrinov,mlavrinovah@google.com.au,Male
Crothers,bcrothersai@jigsy.com,Female
Swinley,wswinleyaj@simplemachines.org,Male
Shadfourth,tshadfourthak@ehow.com,Female
Frostdick,ifrostdickal@dmoz.org,Female
Bannister,cbannisteram@umich.edu,Female
Chesterton,fchestertonan@yellowbook.com,Male
Coventon,mcoventonao@timesonline.co.uk,Female
Hammett,ahammettap@msu.edu,Male
Crowch,pcrowchaq@forbes.com,Male
Wingar,awingarar@booking.com,Male
Pauleit,jpauleitas@instagram.com,Male
Skipton,cskiptonat@moonfruit.com,Male
Baile,jbaileau@oracle.com,Male
Kennham,wkennhamav@smh.com.au,Female
Wishkar,xwishkaraw@ox.ac.uk,Male
De La Hay,adelahayax@reference.com,Male
Loft,dloftay@cbc.ca,Female
Naisey,rnaiseyaz@ebay.co.uk,Female
Balkwill,fbalkwillb0@feedburner.com,Male
Alflatt,jalflattb1@tinyurl.com,Female
Dench,ddenchb2@businessweek.com,Female
McDonand,nmcdonandb3@sbwire.com,Female
Artois,martoisb4@opensource.org,Female
Brand-Hardy,kbrandhardyb5@netvibes.com,Female
Balstone,dbalstoneb6@discovery.com,Female
Loker,glokerb7@fema.gov,Male
Willis,mwillisb8@nature.com,Female
Stoving,nstovingb9@yellowpages.com,Male
Burchill,aburchillba@people.com.cn,Female
Cheshire,echeshirebb@epa.gov,Male
Wennington,fwenningtonbc@digg.com,Male
Kingsworth,tkingsworthbd@unicef.org,Male
Clink,fclinkbe@dmoz.org,Male
Franchi,tfranchibf@merriam-webster.com,Female
Gaddas,rgaddasbg@walmart.com,Male
Trustey,jtrusteybh@bizjournals.com,Male
Stoeck,pstoeckbi@feedburner.com,Female
Fawdrie,nfawdriebj@themeforest.net,Female
Korfmann,lkorfmannbk@springer.com,Male
McGerraghty,amcgerraghtybl@sciencedaily.com,Male
Beasleigh,ibeasleighbm@google.com.br,Male
Kilmister,okilmisterbn@wiley.com,Female
Hickeringill,ahickeringillbo@spiegel.de,Female
Meran,cmeranbp@hp.com,Male
Muzzall,gmuzzallbq@usa.gov,Female
Franklen,afranklenbr@instagram.com,Male
Pinyon,apinyonbs@paypal.com,Female
Gierhard,dgierhardbt@shareasale.com,Female
Crookston,tcrookstonbu@cnn.com,Male
Dwelley,bdwelleybv@cnbc.com,Female
Titchmarsh,ctitchmarshbw@toplist.cz,Male
Juste,rjustebx@google.nl,Male
Bruyet,mbruyetby@microsoft.com,Male
Dunkerton,mdunkertonbz@walmart.com,Male
Melloi,pmelloic0@example.com,Male
Berndt,mberndtc1@clickbank.net,Female
Fairbrass,lfairbrassc2@nydailynews.com,Male
Gooda,dgoodac3@eventbrite.com,Male
Guinery,dguineryc4@cmu.edu,Male
Caudray,kcaudrayc5@photobucket.com,Male
Beniesh,sbenieshc6@exblog.jp,Female
O'Mahoney,lomahoneyc7@seattletimes.com,Male
Yemm,dyemmc8@nps.gov,Male
Pidgen,lpidgenc9@yandex.ru,Female
Hain,whainca@tuttocitta.it,Female
Perkins,pperkinscb@statcounter.com,Female
Adamov,nadamovcc@dropbox.com,Female
Borton,cbortoncd@sogou.com,Female
Youngs,syoungsce@go.com,Female
Beards,nbeardscf@bizjournals.com,Male
Rintoul,hrintoulcg@omniture.com,Female
Benfield,obenfieldch@pen.io,Male
Dougherty,rdoughertyci@ebay.com,Male
Chomicki,tchomickicj@ft.com,Female
Blackader,bblackaderck@myspace.com,Male
Setchell,rsetchellcl@nifty.com,Male
Shovlar,rshovlarcm@comcast.net,Female
Ferrick,tferrickcn@gravatar.com,Female
Rispine,crispineco@timesonline.co.uk,Female
Cuthbert,ncuthbertcp@dailymail.co.uk,Male
Gather,sgathercq@google.nl,Female
Sargerson,csargersoncr@independent.co.uk,Female
Edgeller,aedgellercs@latimes.com,Female
Farnfield,tfarnfieldct@prlog.org,Male
Jordan,pjordancu@nba.com,Male
Haymes,shaymescv@wisc.edu,Female
Biesty,dbiestycw@auda.org.au,Female
Engall,sengallcx@statcounter.com,Female
Budcock,jbudcockcy@123-reg.co.uk,Male
Froment,lfromentcz@apache.org,Male
Knivett,oknivettd0@lycos.com,Male
Laird-Craig,llairdcraigd1@weather.com,Male
Rouff,krouffd2@mac.com,Female
Louca,dloucad3@nasa.gov,Male
Toon,btoond4@hp.com,Male
Lafayette,hlafayetted5@dropbox.com,Male
Brill,cbrilld6@arstechnica.com,Male
Valentetti,dvalentettid7@google.de,Male
Maunton,cmauntond8@tripod.com,Female
Glasson,sglassond9@devhub.com,Male
Dodds,ddoddsda@meetup.com,Male
Cazalet,fcazaletdb@ebay.co.uk,Female
Rennick,srennickdc@miitbeian.gov.cn,Male
Godber,fgodberdd@dedecms.com,Male
Cuttin,rcuttinde@arstechnica.com,Male
Elbourn,relbourndf@businessinsider.com,Female
Gabriely,egabrielydg@google.it,Female
Maurice,fmauricedh@yellowpages.com,Male
Opfer,nopferdi@canalblog.com,Male
Barnewell,ebarnewelldj@purevolume.com,Female
Flieger,wfliegerdk@hc360.com,Female
Ellerman,pellermandl@taobao.com,Female
Mustill,jmustilldm@nyu.edu,Female
Flaxman,nflaxmandn@irs.gov,Female
Vanezis,cvanezisdo@businessinsider.com,Female
Spini,cspinidp@gnu.org,Female
Tuffield,ftuffielddq@zimbio.com,Female
Duckitt,lduckittdr@canalblog.com,Male
Molloy,hmolloyds@opensource.org,Male
Kibel,tkibeldt@unesco.org,Female
Tarry,htarrydu@list-manage.com,Male
Chevins,gchevinsdv@blog.com,Male
Whooley,twhooleydw@123-reg.co.uk,Female
Testo,ktestodx@smh.com.au,Female
Torns,htornsdy@berkeley.edu,Male
Venditti,rvendittidz@fotki.com,Male
Chaman,achamane0@imageshack.us,Male
Fripps,efrippse1@cnbc.com,Female
Garthshore,cgarthshoree2@privacy.gov.au,Male
Buckam,ybuckame3@goodreads.com,Male
Menezes,cmenezese4@reverbnation.com,Female
Foxen,bfoxene5@nps.gov,Male
Kempster,tkempstere6@desdev.cn,Male
Rhucroft,arhucrofte7@economist.com,Male
Felder,rfeldere8@amazonaws.com,Male
Meaton,mmeatone9@ftc.gov,Female
Hammerberg,khammerbergea@salon.com,Male
Handy,nhandyeb@wisc.edu,Male
Cancott,tcancottec@dedecms.com,Female
Stelli,cstellied@skype.com,Female
Gulc,cgulcee@mlb.com,Female
Leith-Harvey,lleithharveyef@marketwatch.com,Female
Crossdale,mcrossdaleeg@yellowbook.com,Female
Cambling,mcamblingeh@ftc.gov,Female
Fitchet,cfitchetei@upenn.edu,Male
Kochl,nkochlej@altervista.org,Female
Trustey,vtrusteyek@themeforest.net,Male
Marshal,dmarshalel@hexun.com,Male
Tamlett,ptamlettem@ocn.ne.jp,Male
Bagwell,vbagwellen@booking.com,Male
Flockhart,iflockharteo@mail.ru,Male
Keyworth,dkeyworthep@123-reg.co.uk,Male
Blunkett,rblunketteq@salon.com,Female
Moden,omodener@squidoo.com,Male
Konerding,akonerdinges@independent.co.uk,Male
Lemoir,dlemoiret@princeton.edu,Male
Tilt,rtilteu@livejournal.com,Male
Rivelon,frivelonev@nymag.com,Female
Caplen,rcaplenew@oaic.gov.au,Female
Akaster,gakasterex@netscape.com,Female
Peirpoint,vpeirpointey@t.co,Female
Gilchrest,egilchrestez@purevolume.com,Male
Tempest,ptempestf0@topsy.com,Female
Fleury,sfleuryf1@wiley.com,Male
Dewire,rdewiref2@barnesandnoble.com,Female
Nunan,knunanf3@altervista.org,Female
Harper,eharperf4@cyberchimps.com,Male
Eatock,eeatockf5@sciencedaily.com,Male
Umbers,oumbersf6@tripod.com,Male
Nash,fnashf7@usatoday.com,Male
Alder,balderf8@cocolog-nifty.com,Female
Blase,jblasef9@msu.edu,Female
Westwick,nwestwickfa@mediafire.com,Male
Heard,qheardfb@ca.gov,Female
Gudge,dgudgefc@privacy.gov.au,Female
Colten,mcoltenfd@prlog.org,Female
Testro,itestrofe@sciencedaily.com,Female
Mynard,hmynardff@washington.edu,Female
Geroldi,rgeroldifg@springer.com,Male
Sandaver,jsandaverfh@yandex.ru,Female
Rodolfi,mrodolfifi@de.vu,Male
Thrustle,athrustlefj@google.pl,Female
Frigout,cfrigoutfk@nba.com,Male
Jaksic,ajaksicfl@naver.com,Male
Hurler,jhurlerfm@1und1.de,Male
Tangye,mtangyefn@icio.us,Male
Iorio,kioriofo@163.com,Female
Bowater,cbowaterfp@meetup.com,Female
Braven,gbravenfq@businessinsider.com,Female
Babon,cbabonfr@globo.com,Male
Birds,kbirdsfs@narod.ru,Male
McVrone,mmcvroneft@domainmarket.com,Female
Skydall,wskydallfu@webeden.co.uk,Male
Traut,btrautfv@dmoz.org,Male
Mazzei,nmazzeifw@tinypic.com,Male
Mathon,jmathonfx@kickstarter.com,Female
Reinard,jreinardfy@alexa.com,Female
Rash,lrashfz@vkontakte.ru,Female
Stent,astentg0@jigsy.com,Female
Gillman,sgillmang1@nyu.edu,Female
Lawlings,nlawlingsg2@youku.com,Female
Hubbart,ahubbartg3@java.com,Male
Geare,tgeareg4@businessinsider.com,Male
Strick,jstrickg5@cbc.ca,Female
Simoneau,fsimoneaug6@yolasite.com,Female
Purdom,lpurdomg7@seattletimes.com,Female
Bragginton,pbraggintong8@scribd.com,Male
Steggals,hsteggalsg9@dyndns.org,Female
Cheeseman,mcheesemanga@reference.com,Female
Brasher,mbrashergb@technorati.com,Female
Hymus,fhymusgc@nyu.edu,Female
Keeting,lkeetinggd@cdc.gov,Female
Verner,cvernerge@nba.com,Male
Birch,cbirchgf@indiatimes.com,Male
Grace,lgracegg@thetimes.co.uk,Male
Coda,wcodagh@tripadvisor.com,Female
Amner,lamnergi@tmall.com,Female
Lowy,jlowygj@usnews.com,Female
Juarez,ajuarezgk@weather.com,Female
Clinton,iclintongl@yahoo.co.jp,Female
Dogg,wdogggm@blogspot.com,Male
Goodge,lgoodgegn@nba.com,Female
Aujouanet,daujouanetgo@hhs.gov,Female
Kroin,akroingp@theglobeandmail.com,Female
McEvay,mmcevaygq@washingtonpost.com,Male
Medhurst,pmedhurstgr@de.vu,Male
Wingrove,cwingrovegs@auda.org.au,Female
McAless,cmcalessgt@uol.com.br,Female
Cowden,acowdengu@miitbeian.gov.cn,Male
Issatt,dissattgv@hp.com,Female
Rosoman,drosomangw@bing.com,Female
Dulinty,gdulintygx@salon.com,Male
Satterlee,msatterleegy@zimbio.com,Male
MacDonogh,kmacdonoghgz@a8.net,Female
Bishop,ebishoph0@ebay.com,Female
Kingham,bkinghamh1@multiply.com,Female
Worvill,yworvillh2@networkadvertising.org,Female
Stovell,rstovellh3@typepad.com,Male
Veldens,dveldensh4@diigo.com,Male
Lohoar,slohoarh5@cmu.edu,Female
Edelston,hedelstonh6@shareasale.com,Female
Hassekl,bhasseklh7@odnoklassniki.ru,Male
Avard,savardh8@yale.edu,Male
Dighton,mdightonh9@weibo.com,Female
Garlee,bgarleeha@w3.org,Male
Loughead,slougheadhb@dailymail.co.uk,Male
Buckenham,mbuckenhamhc@blinklist.com,Male
Verey,svereyhd@reddit.com,Female
Meekin,bmeekinhe@instagram.com,Male
Rabjohn,arabjohnhf@ning.com,Female
Jouanny,hjouannyhg@yahoo.com,Female
Crowson,scrowsonhh@pen.io,Male
Kenrick,kkenrickhi@ycombinator.com,Male
Mace,qmacehj@princeton.edu,Female
La Grange,clagrangehk@dmoz.org,Female
Clayden,fclaydenhl@clickbank.net,Female
Sandilands,zsandilandshm@about.com,Female
Press,bpresshn@amazon.com,Male
Toffolini,htoffoliniho@accuweather.com,Female
Amaya,camayahp@toplist.cz,Male
Shippam,rshippamhq@ftc.gov,Female
Gorick,bgorickhr@cbslocal.com,Female
Romayne,aromaynehs@prnewswire.com,Male
Pittaway,cpittawayht@si.edu,Female
Dannehl,hdannehlhu@cdc.gov,Male
Barltrop,gbarltrophv@about.me,Male
Challen,schallenhw@tripod.com,Male
Weber,bweberhx@google.de,Female
Grinley,ggrinleyhy@sbwire.com,Female
Farrance,kfarrancehz@google.cn,Female
Roisen,croiseni0@eepurl.com,Female
Larwood,klarwoodi1@earthlink.net,Female
Giorgini,bgiorginii2@seattletimes.com,Female
Crackel,hcrackeli3@virginia.edu,Male
Gildersleaves,kgildersleavesi4@dot.gov,Male
Huston,jhustoni5@hibu.com,Female
Blas,cblasi6@freewebs.com,Female
Spileman,fspilemani7@is.gd,Male
Portwaine,dportwainei8@columbia.edu,Male
Skitch,jskitchi9@quantcast.com,Female
Craigs,pcraigsia@jalbum.net,Male
Merwe,fmerweib@ted.com,Female
Mabson,tmabsonic@yolasite.com,Female
Webb-Bowen,twebbbowenid@furl.net,Male
Rittelmeyer,srittelmeyerie@etsy.com,Male
Chmarny,fchmarnyif@cornell.edu,Male
Gabitis,zgabitisig@sohu.com,Female
Croke,lcrokeih@domainmarket.com,Male
Codron,scodronii@linkedin.com,Female
Lucey,fluceyij@google.fr,Female
Barker,dbarkerik@ibm.com,Male
Redding,lreddingil@miitbeian.gov.cn,Female
Wilcocks,uwilcocksim@wix.com,Male
Trout,btroutin@engadget.com,Male
Sunman,isunmanio@51.la,Male
Larose,tlaroseip@blogger.com,Male
Staniforth,pstaniforthiq@ocn.ne.jp,Female
Bradder,abradderir@angelfire.com,Female
Folliss,bfollissis@studiopress.com,Female
Plum,bplumit@nih.gov,Female
Lyon,zlyoniu@fc2.com,Male
Fewkes,nfewkesiv@blogtalkradio.com,Female
Barensen,cbarenseniw@1und1.de,Male
Kennsley,ckennsleyix@cbc.ca,Male
Butlin,mbutliniy@ucoz.com,Male
Yurshev,byursheviz@slate.com,Female
McDowall,cmcdowallj0@nifty.com,Female
Limerick,hlimerickj1@tripadvisor.com,Female
Caig,acaigj2@google.com,Female
Ivashinnikov,hivashinnikovj3@t.co,Male
Hirtz,khirtzj4@soup.io,Male
Wing,pwingj5@biglobe.ne.jp,Female
Milburn,hmilburnj6@wsj.com,Female
Biesinger,hbiesingerj7@amazon.de,Male
Lawles,flawlesj8@aboutads.info,Male
Allridge,fallridgej9@statcounter.com,Male
Zapata,dzapataja@devhub.com,Female
Di Ruggiero,ndiruggierojb@weather.com,Male
Shimmings,bshimmingsjc@twitpic.com,Female
Saiens,bsaiensjd@opera.com,Female
Richardsson,trichardssonje@ft.com,Male
Archdeacon,rarchdeaconjf@123-reg.co.uk,Male
Coviello,dcoviellojg@hud.gov,Female
Itskovitz,fitskovitzjh@tamu.edu,Male
Bernardos,dbernardosji@senate.gov,Female
McClurg,hmcclurgjj@opensource.org,Male
Whitewood,ewhitewoodjk@clickbank.net,Female
Rosendall,trosendalljl@sfgate.com,Female
McGooch,kmcgoochjm@nps.gov,Female
Kivits,rkivitsjn@furl.net,Male
Folliott,gfolliottjo@youtube.com,Female
Smallsman,ysmallsmanjp@salon.com,Male
Elsegood,jelsegoodjq@reference.com,Female
MacCumeskey,tmaccumeskeyjr@odnoklassniki.ru,Female
Fantone,pfantonejs@ebay.com,Female
McFeate,amcfeatejt@noaa.gov,Male
Harry,eharryju@tmall.com,Male
Rolfi,crolfijv@fema.gov,Male
Dugall,sdugalljw@abc.net.au,Female
Nisco,sniscojx@java.com,Female
Emeney,hemeneyjy@nyu.edu,Male
Tarn,etarnjz@nature.com,Male
Antrim,kantrimk0@globo.com,Male
Scardifeild,escardifeildk1@japanpost.jp,Male
Attlee,pattleek2@creativecommons.org,Female
Schwandermann,cschwandermannk3@weebly.com,Female
Rustich,crustichk4@networksolutions.com,Male
Gillbanks,rgillbanksk5@blogspot.com,Female
Grise,mgrisek6@ucoz.ru,Female
Simnel,isimnelk7@tinyurl.com,Female
Tiffney,ctiffneyk8@usatoday.com,Male
Strephan,sstrephank9@elpais.com,Female
Pude,cpudeka@alibaba.com,Male
Fairfoot,bfairfootkb@ow.ly,Female
Bird,gbirdkc@vimeo.com,Female
Littledyke,jlittledykekd@eventbrite.com,Female
Klosterman,dklostermanke@usa.gov,Female
Gianuzzi,mgianuzzikf@examiner.com,Female
Hazley,phazleykg@psu.edu,Male
Lethbrig,mlethbrigkh@elegantthemes.com,Male
Cabral,ocabralki@sourceforge.net,Female
Hamnet,lhamnetkj@mail.ru,Female
Stoffer,cstofferkk@networksolutions.com,Male
Jevons,ejevonskl@symantec.com,Male
Polon,jpolonkm@mapy.cz,Male
Waliszewski,cwaliszewskikn@tiny.cc,Male
Yanshonok,fyanshonokko@51.la,Female
Vallery,evallerykp@apache.org,Male
Toppin,htoppinkq@cocolog-nifty.com,Male
Gyse,agysekr@nyu.edu,Female
Rushbury,mrushburyks@symantec.com,Male
Jesper,mjesperkt@foxnews.com,Male
Brockhouse,hbrockhouseku@google.fr,Male
Gomby,egombykv@ycombinator.com,Female
Bamlett,dbamlettkw@uol.com.br,Female
Brood,ybroodkx@prnewswire.com,Female
MacGoun,amacgounky@sogou.com,Female
Lindborg,mlindborgkz@fotki.com,Male
Sworne,vswornel0@wordpress.com,Female
Pach,rpachl1@springer.com,Male
McCamish,amccamishl2@ask.com,Female
Ianitti,dianittil3@imageshack.us,Female
Manueau,smanueaul4@skyrock.com,Female
Garbutt,dgarbuttl5@google.it,Male
Ionnidis,aionnidisl6@army.mil,Male
Binion,hbinionl7@discovery.com,Female
Umpleby,tumplebyl8@typepad.com,Male
Beamont,cbeamontl9@hexun.com,Female
Andreoletti,nandreolettila@cnn.com,Female
MacSorley,hmacsorleylb@utexas.edu,Female
Peschka,hpeschkalc@umn.edu,Female
Dickinson,gdickinsonld@oracle.com,Male
St Quenin,gstqueninle@yellowpages.com,Male
Barette,abarettelf@toplist.cz,Male
Bunn,jbunnlg@wiley.com,Male
Klesl,sklesllh@unc.edu,Male
Farey,sfareyli@bloomberg.com,Female
Chetwind,cchetwindlj@mashable.com,Male
Boutellier,fboutellierlk@simplemachines.org,Male
Rickersy,krickersyll@dmoz.org,Female
Cloney,dcloneylm@lulu.com,Female
Chisnell,pchisnellln@arizona.edu,Female
Swatton,lswattonlo@last.fm,Male
Pessold,spessoldlp@dot.gov,Female
Harmeston,vharmestonlq@exblog.jp,Male
Cressar,lcressarlr@cbslocal.com,Female
Kitchenman,akitchenmanls@bandcamp.com,Female
Busby,rbusbylt@google.cn,Female
Ivanikov,mivanikovlu@wordpress.com,Female
Domel,ddomellv@amazon.de,Male
Di Roberto,gdirobertolw@mtv.com,Male
Bursnall,fbursnalllx@skype.com,Male
Caskie,gcaskiely@themeforest.net,Male
Gout,jgoutlz@harvard.edu,Female
Kemball,ckemballm0@indiatimes.com,Male
Hartrick,rhartrickm1@vkontakte.ru,Female
Stefanovic,mstefanovicm2@webeden.co.uk,Female
Twaite,atwaitem3@twitter.com,Male
Peskett,opeskettm4@histats.com,Female
Braine,jbrainem5@cbsnews.com,Male
Pedel,apedelm6@usa.gov,Female
Sneller,tsnellerm7@gizmodo.com,Male
Christauffour,pchristauffourm8@biglobe.ne.jp,Female
Constant,pconstantm9@studiopress.com,Female
McNeilly,mmcneillyma@mediafire.com,Female
Palleske,cpalleskemb@discovery.com,Male
Traves,ftravesmc@bloglovin.com,Female
Winterborne,swinterbornemd@hibu.com,Female
Fausch,gfauschme@nhs.uk,Male
Duncanson,mduncansonmf@squarespace.com,Female
Sabie,nsabiemg@jigsy.com,Male
McGeagh,bmcgeaghmh@posterous.com,Female
Gideon,kgideonmi@ovh.net,Female
Andrault,mandraultmj@nbcnews.com,Female
Lampert,elampertmk@trellian.com,Female
Titcom,atitcomml@reverbnation.com,Female
Dunderdale,kdunderdalemm@wikimedia.org,Female
Gyorgy,lgyorgymn@diigo.com,Female
Basilotta,tbasilottamo@desdev.cn,Male
Hurtic,jhurticmp@yolasite.com,Male
Keeble,bkeeblemq@europa.eu,Male
Llorens,rllorensmr@quantcast.com,Male
Colledge,acolledgems@bing.com,Female
Lawrance,llawrancemt@reddit.com,Female
Cuchey,ncucheymu@bloglines.com,Male
Hanssmann,fhanssmannmv@yahoo.co.jp,Female
Knewstubb,bknewstubbmw@multiply.com,Female
Gronav,bgronavmx@bbb.org,Male
Paulino,rpaulinomy@yolasite.com,Female
Wife,bwifemz@comsenz.com,Male
Cornfield,ccornfieldn0@livejournal.com,Male
Vanyukov,svanyukovn1@soundcloud.com,Female
Landells,mlandellsn2@redcross.org,Male
Yaneev,wyaneevn3@lulu.com,Male
Hatt,lhattn4@bing.com,Male
Weems,rweemsn5@tuttocitta.it,Male
Larner,wlarnern6@cbsnews.com,Male
Kimblin,hkimblinn7@archive.org,Female
Lailey,tlaileyn8@gnu.org,Female
Andric,pandricn9@digg.com,Female
Chiplen,vchiplenna@weibo.com,Male
Roebottom,croebottomnb@vk.com,Female
Menlove,amenlovenc@census.gov,Female
Thurber,ethurbernd@aboutads.info,Male
Allardyce,gallardycene@quantcast.com,Male
Trendle,gtrendlenf@ihg.com,Female
Massingberd,rmassingberdng@symantec.com,Male
Triggel,dtriggelnh@cornell.edu,Female
Huet,khuetni@t.co,Female
Gidney,agidneynj@scribd.com,Female
Tremberth,stremberthnk@mapy.cz,Female
Heazel,cheazelnl@sina.com.cn,Female
Bicknell,fbicknellnm@google.co.jp,Male
Ugoni,augoninn@github.com,Male
Birchill,abirchillno@nba.com,Female
Peche,kpechenp@rakuten.co.jp,Male
Gebby,tgebbynq@elegantthemes.com,Female
Copperwaite,jcopperwaitenr@github.com,Male
Shortan,sshortanns@blog.com,Male
Pill,cpillnt@ucoz.ru,Male
Di Nisco,jdinisconu@howstuffworks.com,Female
Do,gdonv@buzzfeed.com,Female
Potteridge,ppotteridgenw@dyndns.org,Female
Pateman,dpatemannx@addtoany.com,Male
Woakes,kwoakesny@stumbleupon.com,Male
Hearl,dhearlnz@twitpic.com,Male
Aris,iariso0@unc.edu,Female
Luxon,aluxono1@smh.com.au,Male
Conisbee,gconisbeeo2@tiny.cc,Male
Nelle,snelleo3@theguardian.com,Male
Ashenhurst,lashenhursto4@vk.com,Male
Pionter,gpiontero5@dmoz.org,Male
Ughetti,gughettio6@scientificamerican.com,Female
Tibbs,btibbso7@wiley.com,Male
Rosenzwig,orosenzwigo8@google.pl,Male
Casterot,bcasteroto9@boston.com,Female
Wyllcocks,awyllcocksoa@mtv.com,Male
Billingham,abillinghamob@jalbum.net,Female
Corson,tcorsonoc@issuu.com,Male
Jess,djessod@wisc.edu,Female
Stukings,istukingsoe@themeforest.net,Female
Crowdace,bcrowdaceof@webmd.com,Male
Redley,sredleyog@quantcast.com,Female
Tysall,gtysalloh@csmonitor.com,Female
Viger,lvigeroi@hexun.com,Female
Heathcott,vheathcottoj@who.int,Male
Hume,khumeok@virginia.edu,Female
Kalisch,ekalischol@ameblo.jp,Female
Duckham,mduckhamom@dot.gov,Female
Bouzek,abouzekon@bloglines.com,Female
Thaller,jthalleroo@rambler.ru,Female
Ditty,ldittyop@google.fr,Female
McAlindon,hmcalindonoq@webs.com,Male
Fields,cfieldsor@pinterest.com,Male
Westcot,twestcotos@reference.com,Male
Keneford,bkenefordot@cdc.gov,Female
Loody,lloodyou@topsy.com,Male
Barber,tbarberov@ask.com,Male
Spillane,cspillaneow@godaddy.com,Female
Naris,nnarisox@csmonitor.com,Male
Isbell,bisbelloy@ucla.edu,Female
Vlahos,svlahosoz@dedecms.com,Female
Viollet,jviolletp0@japanpost.jp,Female
Gottelier,rgottelierp1@fotki.com,Male
Mawford,cmawfordp2@eepurl.com,Female
Baterip,bbateripp3@reference.com,Female
Fowlston,afowlstonp4@naver.com,Female
Schurcke,lschurckep5@independent.co.uk,Male
Charpling,scharplingp6@bing.com,Male
Vowles,jvowlesp7@washington.edu,Male
Braiden,tbraidenp8@ebay.co.uk,Female
Gilroy,sgilroyp9@blinklist.com,Male
Capponer,ecapponerpa@dropbox.com,Male
Papps,gpappspb@wordpress.org,Female
Stratley,gstratleypc@yolasite.com,Female
Dancy,vdancypd@disqus.com,Male
Wartonby,kwartonbype@spiegel.de,Female
Tupling,ctuplingpf@nytimes.com,Male
Dwelly,adwellypg@pagesperso-orange.fr,Male
Maddrell,gmaddrellph@accuweather.com,Female
Blundel,wblundelpi@barnesandnoble.com,Male
Curee,lcureepj@pcworld.com,Male
Szymon,rszymonpk@stanford.edu,Male
Peniman,wpenimanpl@google.cn,Female
Wynter,awynterpm@nba.com,Male
Torrijos,atorrijospn@msn.com,Male
Pedlow,apedlowpo@shinystat.com,Female
Gullivan,mgullivanpp@deviantart.com,Female
Bourley,bbourleypq@about.me,Female
Wilce,kwilcepr@godaddy.com,Male
O'Scannill,eoscannillps@discuz.net,Female
Dewhurst,ldewhurstpt@nydailynews.com,Female
Kordovani,mkordovanipu@edublogs.org,Male
Clewlow,hclewlowpv@booking.com,Female
Otto,sottopw@home.pl,Female
Venard,cvenardpx@ebay.co.uk,Male
Paunton,hpauntonpy@opensource.org,Female
Coldbreath,acoldbreathpz@nsw.gov.au,Female
Amar,aamarq0@dion.ne.jp,Female
Gulvin,jgulvinq1@etsy.com,Male
Card,gcardq2@fda.gov,Female
Lavallin,blavallinq3@nature.com,Female
Hatton,bhattonq4@infoseek.co.jp,Male
Wolfendale,rwolfendaleq5@booking.com,Male
Chrestien,rchrestienq6@ibm.com,Female
Gurnay,cgurnayq7@mediafire.com,Female
Sailer,bsailerq8@disqus.com,Female
Le Monnier,llemonnierq9@columbia.edu,Male
d'Arcy,ndarcyqa@guardian.co.uk,Female
Carsey,acarseyqb@yelp.com,Female
Scotchforth,cscotchforthqc@ft.com,Female
Whale,fwhaleqd@liveinternet.ru,Male
Bertome,tbertomeqe@wikia.com,Male
Jarmain,mjarmainqf@nifty.com,Female
Giurio,cgiurioqg@addthis.com,Male
McAw,tmcawqh@ucoz.ru,Male
Preene,opreeneqi@mysql.com,Female
Brimmell,dbrimmellqj@blog.com,Male
Dumbelton,fdumbeltonqk@hp.com,Male
Di Ruggero,tdiruggeroql@so-net.ne.jp,Male
Fleischmann,ffleischmannqm@uol.com.br,Female
Burris,lburrisqn@sbwire.com,Female
Vasyutin,bvasyutinqo@scribd.com,Female
Pashenkov,cpashenkovqp@seattletimes.com,Female
De Antoni,ddeantoniqq@comsenz.com,Male
Hynd,shyndqr@huffingtonpost.com,Female
Laybourn,blaybournqs@hexun.com,Female
Doylend,jdoylendqt@google.com.br,Male
Fosdick,hfosdickqu@ning.com,Female
Zaple,pzapleqv@msu.edu,Female
Oliva,bolivaqw@hp.com,Female
Binton,tbintonqx@gravatar.com,Female
Sheepy,bsheepyqy@youtu.be,Male
Paffett,mpaffettqz@topsy.com,Male
Stallworthy,hstallworthyr0@storify.com,Female
Vakhrushin,mvakhrushinr1@epa.gov,Female
Chastanet,wchastanetr2@1und1.de,Male
Dabel,mdabelr3@scribd.com,Male
Westnedge,dwestnedger4@businessweek.com,Male
Lapere,slaperer5@angelfire.com,Female
Nevison,rnevisonr6@ucoz.ru,Male
Pettendrich,mpettendrichr7@php.net,Male
Lytell,jlytellr8@arstechnica.com,Male
Smethurst,bsmethurstr9@privacy.gov.au,Male
Litterick,wlitterickra@youku.com,Female
Whittock,lwhittockrb@sfgate.com,Female
Sines,osinesrc@mlb.com,Male
Willes,cwillesrd@facebook.com,Female
Austen,baustenre@mtv.com,Female
Moylane,wmoylanerf@oakley.com,Female
Jee,tjeerg@ucoz.ru,Female
Perrins,mperrinsrh@sun.com,Female
Naisbit,lnaisbitri@examiner.com,Female
Gordon,kgordonrj@youtu.be,Female
Camm,dcammrk@nih.gov,Male
Yakunchikov,hyakunchikovrl@miitbeian.gov.cn,Male
Tebb,rtebbrm@mapy.cz,Male
Redwood,bredwoodrn@sciencedaily.com,Female
Boydell,eboydellro@tiny.cc,Male
McAteer,fmcateerrp@creativecommons.org,Female
Byrd,sbyrdrq@theatlantic.com,Male
Paffley,cpaffleyrr@columbia.edu,Female
